{
	"home_coords": [39.2503168, -76.7043520],
	"home_alt_m": 212,
	"takeoff_alt_m": 10,
	"waypoints": [
		[39.25047040, -76.70415360, 15],
		[39.25077760, -76.70391040, 15],
		[39.2506480, -76.7032734, 15],
		[39.25039040, -76.70318080, 15],
		[39.25024000, -76.70366720, 15],
		[39.25051840, -76.70368000, 15]
	],
	"loiter_point": [39.2504195, -76.7039010, 15],
	"flight_floor_m": 7.62,
	"geofence": [
	],
	"payload_area": [
	]
}
